Receptor,Mass
FcR2A,381565.0399999994
FcR2B,377735.85999999946
FcR3A,357920.0199999999
FcR3B,346534.48
