,index,noise,r2
0,0,0.0,0.9999956891854979
1,1,0.0,0.9999994020338594
2,2,0.0,0.9999993926867505
3,0,0.11666666666666665,0.9783220839665904
4,1,0.11666666666666665,0.9799896816208169
5,2,0.11666666666666665,0.9641844296055652
6,0,0.2333333333333333,0.7674037025914022
7,1,0.2333333333333333,0.8706240312186342
8,2,0.2333333333333333,0.7644270689237124
9,0,0.35,0.3907461717598304
10,1,0.35,0.8130496434878486
11,2,0.35,0.8259674281535897
