,index,noise,r2
0,0,0.0,0.9999988898296283
1,1,0.0,0.9999993118274969
2,2,0.0,0.9999995412830025
3,0,0.11666666666666665,0.9871098676341582
4,1,0.11666666666666665,0.9870122918356541
5,2,0.11666666666666665,0.9870296120418155
6,0,0.2333333333333333,0.9356822544535066
7,1,0.2333333333333333,0.9390139812102121
8,2,0.2333333333333333,0.8733992247850719
9,0,0.35,0.5472176846007244
10,1,0.35,0.5755381393779917
11,2,0.35,0.7626487649149832
